Frederica,Perrot,fperrot0@pbs.org,Female,Morocco,imfedrica,123456
Jemmy,Wyke,jwyke1@aol.com,Female,Portugal,jwyke1,y64rM3q0
Vern,Miall,vmiall2@hibu.com,Male,Poland,vmiall2,l7xdaFSRmPO
Ameline,Minty,aminty3@ebay.com,Female,Honduras,aminty3,kpLXnAQAOMHh
Siusan,Grist,sgrist4@dagondesign.com,Female,Croatia,sgrist4,WC7JwYXc
Bar,McGucken,bmcgucken5@pen.io,Male,South Africa,bmcgucken5,oEz8hvo
Jeri,O'Brallaghan,jobrallaghan6@homestead.com,Female,China,jobrallaghan6,Y5tOpY4wMd
Paten,Iorio,piorio7@buzzfeed.com,Male,Poland,piorio7,MwJTdWrXbrBs
Corny,Reany,creany8@eventbrite.com,Male,Russia,creany8,s8S9Ook
Kevin,Bilbrook,kbilbrook9@alexa.com,Male,Ukraine,kbilbrook9,x75ix90uG
Ellerey,Smidmore,esmidmorea@a8.net,Male,Indonesia,esmidmorea,aKBxFws7G
Isidora,Chuck,ichuckb@bbb.org,Female,China,ichuckb,CFs3kjlHv
Katuscha,Grewcock,kgrewcockc@gmpg.org,Female,Poland,kgrewcockc,duhwmOI
Trevar,Collingridge,tcollingridged@shareasale.com,Male,Indonesia,tcollingridged,GXBm5qgrfm
Byrle,Baudinelli,bbaudinellie@addthis.com,Male,Cyprus,bbaudinellie,6G1ncT94
Shaun,Cocher,scocherf@noaa.gov,Male,France,scocherf,rZbiBrjvrFF
Clio,Human,chumang@foxnews.com,Female,China,chumang,jQm1IUu5i
Lanita,Birrane,lbirraneh@discuz.net,Female,Iran,lbirraneh,AXfr7Mo
Tiphanie,Kippie,tkippiei@google.co.uk,Female,Portugal,tkippiei,Kz1tMyljkQ
Elliott,Goscomb,egoscombj@engadget.com,Male,Poland,egoscombj,8NquT2g
